scorer,spencer loggia,spencer loggia,spencer loggia,spencer loggia,spencer loggia,spencer loggia,spencer loggia,spencer loggia
bodyparts,bodypart1,bodypart1,bodypart2,bodypart2,bodypart3,bodypart3,objectA,objectA
coords,x,y,x,y,x,y,x,y
labeled-data\c_13817_391\img0016.png,433.94291609353513,470.3484505218869,634.0367748199693,472.5233837689133,488.31624726919665,594.319645602395,,
labeled-data\c_13817_391\img1312.png,235.72959371386523,279.08793230316405,,,375.89568222432456,332.4254704089141,,
labeled-data\c_13817_391\img1662.png,330.0005912961211,222.0291706086408,460.2434169031851,219.54835488279195,292.7883554083885,286.53037948071056,383.33812940187113,166.21081677704194
