scorer,spencer loggia,spencer loggia,spencer loggia,spencer loggia,spencer loggia,spencer loggia,spencer loggia,spencer loggia
bodyparts,bodypart1,bodypart1,bodypart2,bodypart2,bodypart3,bodypart3,objectA,objectA
coords,x,y,x,y,x,y,x,y
labeled-data\c_13817_392\img0104.png,514.4154462335141,454.69980580953154,731.90877093616,415.5510073630553,675.360506513472,539.5222024435634,,
labeled-data\c_13817_392\img0321.png,243.4072703714367,373.2727229100682,497.63512333237344,377.60615222190233,357.5209089164027,478.71950283136573,145.1828726365294,562.4991361934926
labeled-data\c_13817_392\img0887.png,230.40698243593425,153.71230444380467,488.96826470870514,207.1579326230925,319.9645215471733,214.38031480948274,,
