scorer,spencer loggia,spencer loggia,spencer loggia,spencer loggia,spencer loggia,spencer loggia,spencer loggia,spencer loggia
bodyparts,bodypart1,bodypart1,bodypart2,bodypart2,bodypart3,bodypart3,objectA,objectA
coords,x,y,x,y,x,y,x,y
labeled-data\c_13817_393\img0087.png,420.89331661137646,419.9008738571083,612.2874423497047,454.69980580953154,446.9925155756939,550.3968686786957,,
labeled-data\c_13817_393\img0174.png,,,320.85882522314995,295.76230924272966,179.06498704290232,311.6779441405125,,
labeled-data\c_13817_393\img0890.png,336.7744601209328,191.58724445724158,,,497.37768499856026,256.6966599481716,,
